{"cameraMode":{"drawMode":0,"name":"Shaded","section":"Shading Mode"},"sceneLighting":true,"audioPlay":false,"sceneViewState":{"showFog":true,"showMaterialUpdate":false,"showSkybox":true,"showFlares":true,"showImageEffects":true,"showParticleSystems":true,"showVisualEffectGraphs":true,"m_FxEnabled":true},"in2DMode":false,"pivot":{"x":5.920000076293945,"y":0.44999998807907107,"z":0.19999980926513673},"rotation":{"x":0.11219348013401032,"y":-0.6778280138969421,"z":0.10577263683080673,"w":0.7188917398452759},"size":6.057034492492676,"orthographic":false}