{"cameraMode":{"drawMode":0,"name":"Shaded","section":"Shading Mode"},"sceneLighting":true,"audioPlay":false,"sceneViewState":{"showFog":true,"showMaterialUpdate":false,"showSkybox":true,"showFlares":true,"showImageEffects":true,"showParticleSystems":true,"showVisualEffectGraphs":true,"m_FxEnabled":true},"in2DMode":false,"pivot":{"x":7.733771324157715,"y":1.6265826225280762,"z":20.05954933166504},"rotation":{"x":-0.010190323926508427,"y":0.001494868891313672,"z":0.000015147977137530688,"w":0.9999510645866394},"size":12.12435531616211,"orthographic":false}