{"cameraMode":{"drawMode":0,"name":"Shaded","section":"Shading Mode"},"sceneLighting":true,"audioPlay":false,"sceneViewState":{"showFog":true,"showMaterialUpdate":false,"showSkybox":true,"showFlares":true,"showImageEffects":true,"showParticleSystems":true,"showVisualEffectGraphs":true,"m_FxEnabled":true},"in2DMode":false,"pivot":{"x":-0.32377761602401736,"y":-2.4004199504852297,"z":-8.088652610778809},"rotation":{"x":-0.0028851402457803489,"y":-0.9756494760513306,"z":0.21900196373462678,"w":-0.012888701632618904},"size":7.38045072555542,"orthographic":false}